model_name,primary_score,rmse,mae,r2,_type
Ridge,-20.468719435807333,20.468719435807333,15.737127304077148,0.9838016033172607,sklearn
LinearRegression,-20.471446178581964,20.471446178581964,15.781576156616211,0.9837973117828369,sklearn
ResidualMLP,-23.163314174253138,23.163314174253138,18.080583572387695,0.9792560338973999,pytorch
FeedforwardNN,-28.541206419266643,28.541206419266643,21.931249618530273,0.9685055017471313,pytorch
XGBoost,-48.70740075873352,48.70740075873352,36.23644256591797,0.9082766175270081,sklearn
GradientBoosting,-51.51454380987503,51.51454380987503,38.20044929133436,0.897399430213657,sklearn
LightGBM,-54.1089491580142,54.1089491580142,40.7579816410254,0.8868047363415601,sklearn
RandomForest,-97.611826501587,97.611826501587,74.41356231887639,0.6316209405278499,sklearn
